{
  "temperature": 0.5,
  "ece_before": 0.009443283081054688,
  "ece_after": 5.817413330078125e-05
}