{
  "phase_a": {
    "train_loss": [
      1.0412492050545048,
      0.9481480543547348,
      0.9202320982398254
    ],
    "train_acc": [
      0.453091684434968,
      0.511727078891258,
      0.5628997867803838
    ],
    "val_loss": [
      0.9529283082846439,
      0.8371757774642019,
      0.7808707934437376
    ],
    "val_acc": [
      0.6439393939393939,
      0.7424242424242424,
      0.7803030303030303
    ]
  },
  "phase_b": {
    "train_loss": [
      0.8166333897662824,
      0.6263099666089137,
      0.6943581219929368,
      0.5828325763694259,
      0.4997287911773999,
      0.3353676824554451,
      0.3698070089954303,
      0.2740618464534979,
      0.3365449574964641,
      0.4296183513838853,
      0.35207821482788526,
      0.34331793176022163,
      0.2718808835566933,
      0.31076434486583354
    ],
    "train_acc": [
      0.6044776119402985,
      0.6577825159914712,
      0.6801705756929638,
      0.6375266524520256,
      0.6897654584221748,
      0.6833688699360341,
      0.7185501066098081,
      0.7121535181236673,
      0.7825159914712153,
      0.685501066098081,
      0.7654584221748401,
      0.7654584221748401,
      0.7142857142857143,
      0.7515991471215352
    ],
    "val_loss": [
      0.5741771558920542,
      0.3562529213500745,
      0.5175817103096934,
      0.37577686707178753,
      0.35601207523634937,
      0.30008986953533057,
      0.4240082132093834,
      0.33363687630855676,
      0.34722018964362866,
      0.3748116131984826,
      0.3044620896830703,
      0.36689603689945105,
      0.36334658030307654,
      0.4049496560385733
    ],
    "val_acc": [
      0.7651515151515151,
      0.9090909090909091,
      0.7727272727272727,
      0.8863636363636364,
      0.9166666666666666,
      0.9318181818181818,
      0.8409090909090909,
      0.9166666666666666,
      0.9166666666666666,
      0.8787878787878788,
      0.9393939393939394,
      0.9242424242424242,
      0.9166666666666666,
      0.9090909090909091
    ]
  }
}