{
  "phase_a": {
    "train_loss": [
      1.188031069135171,
      0.9572671845709989,
      0.8967544636511885
    ],
    "train_acc": [
      0.5536332179930796,
      0.5899653979238755,
      0.5605536332179931
    ],
    "val_loss": [
      1.1046269214089541,
      1.0243948290054812,
      1.070359172668049
    ],
    "val_acc": [
      0.5508021390374331,
      0.5508021390374331,
      0.5508021390374331
    ]
  },
  "phase_b": {
    "train_loss": [
      0.7873208879599521,
      0.59591564505158,
      0.5391984369515548,
      0.45764773444733403,
      0.4350288856813239,
      0.4617639388180109,
      0.40819499845323265,
      0.4589622590987328,
      0.35624814817237194,
      0.36893859010666713,
      0.2647470235824585,
      0.32842507721231057,
      0.21969448292956634,
      0.3210904030548247,
      0.38829656223731057,
      0.22451536723486692,
      0.2744163619064336,
      0.2477727202911278,
      0.27382698704111536,
      0.2734840890347545,
      0.24636019848828497,
      0.2052114746923265,
      0.20968158855054617,
      0.2896558683894085,
      0.23537291320859355,
      0.269152981741515,
      0.20259317430864157,
      0.20039136326875034,
      0.17208000321495492,
      0.20955022960695016
    ],
    "train_acc": [
      0.5994809688581315,
      0.6513840830449827,
      0.7257785467128027,
      0.7396193771626297,
      0.75,
      0.7941176470588235,
      0.7794117647058824,
      0.7275086505190311,
      0.7448096885813149,
      0.7422145328719724,
      0.8304498269896193,
      0.7897923875432526,
      0.7724913494809689,
      0.7958477508650519,
      0.8200692041522492,
      0.8088235294117647,
      0.8148788927335641,
      0.782871972318339,
      0.842560553633218,
      0.7967128027681661,
      0.8226643598615917,
      0.8053633217993079,
      0.860726643598616,
      0.8581314878892734,
      0.8304498269896193,
      0.8693771626297578,
      0.8166089965397924,
      0.8261245674740484,
      0.860726643598616,
      0.7621107266435986
    ],
    "val_loss": [
      0.7705088535094644,
      0.47331518317288895,
      0.3042939506112573,
      0.49487529575505995,
      0.2691978407416114,
      0.3243321346089164,
      0.2541372750532181,
      0.25331074573139456,
      0.2996544016395661,
      0.19775499570815958,
      0.26067953297798646,
      0.2465779491286864,
      0.1972536255012859,
      0.1902633814569463,
      0.21931795226061407,
      0.22601080307348526,
      0.19565595566907668,
      0.2114221895123548,
      0.22351426953937917,
      0.2140400723658781,
      0.21811750212455178,
      0.1888671271941241,
      0.19598636939563854,
      0.21013221288109846,
      0.2182543771789673,
      0.17513942638820507,
      0.17737402619525072,
      0.1803994969250684,
      0.20760191012831294,
      0.1743560804721506
    ],
    "val_acc": [
      0.6577540106951871,
      0.8342245989304813,
      0.9090909090909091,
      0.7914438502673797,
      0.893048128342246,
      0.8983957219251337,
      0.9358288770053476,
      0.9251336898395722,
      0.9358288770053476,
      0.9572192513368984,
      0.9037433155080213,
      0.9411764705882353,
      0.9358288770053476,
      0.9679144385026738,
      0.9411764705882353,
      0.9358288770053476,
      0.9358288770053476,
      0.946524064171123,
      0.9411764705882353,
      0.9358288770053476,
      0.9358288770053476,
      0.946524064171123,
      0.9411764705882353,
      0.9411764705882353,
      0.9358288770053476,
      0.946524064171123,
      0.9518716577540107,
      0.946524064171123,
      0.9411764705882353,
      0.9572192513368984
    ]
  }
}