{
  "phase_a": {
    "train_loss": [
      1.2772737435343762,
      1.0345853948881258,
      0.8720448989522421
    ],
    "train_acc": [
      0.36555891238670696,
      0.5075528700906344,
      0.5604229607250756
    ],
    "val_loss": [
      1.1573785146077473,
      1.0088287989298503,
      0.8979845624981504
    ],
    "val_acc": [
      0.6363636363636364,
      0.6363636363636364,
      0.7272727272727273
    ]
  },
  "phase_b": {
    "train_loss": [
      0.7282124877516236,
      0.5355834638154039,
      0.4430047983129219,
      0.4104193778444093,
      0.45221907944837725,
      0.3900004744169575,
      0.3360296749844697,
      0.32020921032774485,
      0.30938339481000815,
      0.22872885801685902,
      0.23415249932748675,
      0.3452039024936108,
      0.39364191077176897,
      0.37074761989658694
    ],
    "train_acc": [
      0.5422960725075529,
      0.6691842900302115,
      0.6450151057401813,
      0.5498489425981873,
      0.4697885196374622,
      0.7643504531722054,
      0.5,
      0.7522658610271903,
      0.7129909365558912,
      0.6087613293051359,
      0.6359516616314199,
      0.5770392749244713,
      0.5634441087613293,
      0.595166163141994
    ],
    "val_loss": [
      0.4747445330475316,
      0.2033540163979386,
      0.23523511407388883,
      0.12703551958794845,
      0.18046225003446592,
      0.08344210105750596,
      0.1647195222815781,
      0.21313513459807093,
      0.10679831598518473,
      0.13946206517743343,
      0.1564167680952585,
      0.13167956573042003,
      0.13247088619479627,
      0.20490959602774997
    ],
    "val_acc": [
      0.8484848484848485,
      0.9393939393939394,
      0.9090909090909091,
      0.9696969696969697,
      0.9393939393939394,
      1.0,
      0.9090909090909091,
      0.9090909090909091,
      0.9696969696969697,
      0.9090909090909091,
      0.9696969696969697,
      0.9696969696969697,
      0.9393939393939394,
      0.9393939393939394
    ]
  }
}