{
  "temperature": 1.0,
  "ece_before": 0.02838612099488576,
  "ece_after": 0.02838612099488576
}