{
  "phase_a": {
    "train_loss": [
      0.9821759201191339,
      0.7701999593539288,
      0.642004029910893
    ],
    "train_acc": [
      0.44876325088339225,
      0.5901060070671378,
      0.5318021201413428
    ],
    "val_loss": [
      0.8158082962036133,
      0.7279724478721619,
      0.5987097024917603
    ],
    "val_acc": [
      0.8571428571428571,
      0.8571428571428571,
      0.8571428571428571
    ]
  },
  "phase_b": {
    "train_loss": [
      0.39699187795812585,
      0.4277355759388145,
      0.3690918410203482,
      0.3492873717533826,
      0.24139109527685618,
      0.3769052042346119,
      0.22890093667241795,
      0.20289226759606874,
      0.18030338035402788,
      0.2413719948578639,
      0.41224541583562485,
      0.22710583627539893,
      0.2506928392307497,
      0.2641551710513845,
      0.22412189867597587,
      0.16750309844057046,
      0.27435278558902865
    ],
    "train_acc": [
      0.5618374558303887,
      0.6413427561837456,
      0.6095406360424028,
      0.6925795053003534,
      0.6201413427561837,
      0.6590106007067138,
      0.6554770318021201,
      0.5848056537102474,
      0.5388692579505301,
      0.7491166077738516,
      0.5848056537102474,
      0.5565371024734982,
      0.7526501766784452,
      0.6607773851590106,
      0.5971731448763251,
      0.7226148409893993,
      0.5742049469964664
    ],
    "val_loss": [
      0.031635966151952744,
      0.3079018294811249,
      0.05173160508275032,
      0.04059704393148422,
      0.03876765817403793,
      0.04508911445736885,
      0.01571597531437874,
      0.014535472728312016,
      0.009502028115093708,
      0.016340358182787895,
      0.08288764208555222,
      0.02600969932973385,
      0.031227461993694305,
      0.027378695085644722,
      0.033405568450689316,
      0.015434321016073227,
      0.02868802286684513
    ],
    "val_acc": [
      1.0,
      0.8571428571428571,
      1.0,
      1.0,
      1.0,
      1.0,
      1.0,
      1.0,
      1.0,
      1.0,
      1.0,
      1.0,
      1.0,
      1.0,
      1.0,
      1.0,
      1.0
    ]
  }
}