{
  "temperature": 0.9,
  "ece_before": 0.03147194012601108,
  "ece_after": 0.021473255386964523
}