{
  "temperature": 0.8,
  "ece_before": 0.03410919094498539,
  "ece_after": 0.016700478235708513
}