{
  "phase_a": {
    "train_loss": [
      1.4634903953188942,
      1.20516091350385,
      1.018345132286166
    ],
    "train_acc": [
      0.3339212228101117,
      0.3991769547325103,
      0.3880070546737213
    ],
    "val_loss": [
      1.3841110569562098,
      1.3718174732932749,
      1.3088494206583776
    ],
    "val_acc": [
      0.34108527131782945,
      0.34108527131782945,
      0.3875968992248062
    ]
  },
  "phase_b": {
    "train_loss": [
      0.888419439552953,
      0.689389594753373,
      0.6291100464800679,
      0.45371074901826935,
      0.42609631246079566,
      0.48372411475610483,
      0.33777053250347006,
      0.40770786184202146,
      0.42865259573082587,
      0.40406582242579825,
      0.4250661281322396,
      0.3891267729709598,
      0.3119302618107608,
      0.4632211868584962,
      0.3259391311790437,
      0.30180787374383206,
      0.4120303857403598,
      0.3248047197586925,
      0.39757460318089655,
      0.3421933869187934,
      0.2735817684654556,
      0.3168220047229602,
      0.37215894083111933
    ],
    "train_acc": [
      0.4861845972957084,
      0.5302763080540859,
      0.5949441504997061,
      0.6443268665490888,
      0.6848912404467961,
      0.6942974720752498,
      0.6725455614344503,
      0.6860670194003528,
      0.7125220458553791,
      0.7101704879482658,
      0.7336860670194003,
      0.6402116402116402,
      0.6837154614932393,
      0.7125220458553791,
      0.7530864197530864,
      0.7236919459141682,
      0.7213403880070547,
      0.7301587301587301,
      0.7530864197530864,
      0.7031158142269254,
      0.7195767195767195,
      0.7013521457965902,
      0.6954732510288066
    ],
    "val_loss": [
      0.9539110956265945,
      0.7049971925195797,
      0.5026838307001794,
      0.3691280696743218,
      0.38963639304446157,
      0.2789900566833888,
      0.26393610693860886,
      0.3486444008890395,
      0.2634501982364775,
      0.19350617165973252,
      0.23885330166523308,
      0.2599615049079176,
      0.16669322297612363,
      0.20124443499154823,
      0.143641482923151,
      0.15527336975169737,
      0.1855522780570873,
      0.22987542728814045,
      0.15999768639719764,
      0.1512435803752999,
      0.1490501411215857,
      0.1448276462971933,
      0.1959948558215947
    ],
    "val_acc": [
      0.6007751937984496,
      0.7364341085271318,
      0.8217054263565892,
      0.8837209302325582,
      0.8875968992248062,
      0.9186046511627907,
      0.9341085271317829,
      0.9031007751937985,
      0.9186046511627907,
      0.9496124031007752,
      0.9457364341085271,
      0.9341085271317829,
      0.9534883720930233,
      0.9496124031007752,
      0.9612403100775194,
      0.9534883720930233,
      0.9457364341085271,
      0.9534883720930233,
      0.9573643410852714,
      0.9612403100775194,
      0.9728682170542635,
      0.9651162790697675,
      0.9573643410852714
    ]
  }
}