{
  "phase_a": {
    "train_loss": [
      0.6289611458778381,
      0.5168117105960846,
      0.4794326583544413
    ],
    "train_acc": [
      0.6055555555555555,
      0.7055555555555556,
      0.6666666666666666
    ],
    "val_loss": [
      0.5775233507156372,
      0.4887387156486511,
      0.4658363461494446
    ],
    "val_acc": [
      1.0,
      1.0,
      0.9
    ]
  },
  "phase_b": {
    "train_loss": [
      0.3339229994350009,
      0.20942577868700027,
      0.09179473500698805,
      0.18268633410334587,
      0.31719320134984125,
      0.20601323561535942,
      0.3117030160294639,
      0.10240889224741194,
      0.21874938185016315,
      0.21206010232369105,
      0.14896759084529346,
      0.1783269097407659
    ],
    "train_acc": [
      0.7722222222222223,
      0.6805555555555556,
      0.7472222222222222,
      0.7527777777777778,
      0.7222222222222222,
      0.6166666666666667,
      0.7694444444444445,
      0.7027777777777777,
      0.8611111111111112,
      0.7333333333333333,
      0.8388888888888889,
      0.775
    ],
    "val_loss": [
      0.07460315525531769,
      0.023643391206860542,
      0.010085991583764553,
      0.009022953920066357,
      0.17139729857444763,
      0.0581015944480896,
      0.04206959530711174,
      0.02075197920203209,
      0.018178636208176613,
      0.02143656089901924,
      0.018450748175382614,
      0.047138433903455734
    ],
    "val_acc": [
      1.0,
      1.0,
      1.0,
      1.0,
      0.9,
      1.0,
      1.0,
      1.0,
      1.0,
      1.0,
      1.0,
      1.0
    ]
  }
}