{
  "temperature": 0.5,
  "ece_before": 0.06724016774784435,
  "ece_after": 0.02303869254661329
}