{
  "temperature": 0.5,
  "ece_before": 0.008906543254852295,
  "ece_after": 0.0002452731132507324
}