{
  "phase_a": {
    "train_loss": [
      2.181139704448068,
      1.6561994431106983,
      1.5442909031968135
    ],
    "train_acc": [
      0.3230704344158583,
      0.381976662449037,
      0.3614508646140869
    ],
    "val_loss": [
      1.2184650184100152,
      1.0330423151087795,
      1.077686717155864
    ],
    "val_acc": [
      0.7922077922077922,
      0.7864357864357865,
      0.7676767676767676
    ]
  },
  "phase_b": {
    "train_loss": [
      1.0282833188726113,
      0.7022712659889445,
      0.6661698085100242,
      0.5947922488862278,
      0.5088899174481777,
      0.505220020735346,
      0.49624661653375013,
      0.5195238449786612,
      0.491461707073784,
      0.4152034613719289,
      0.540758730981666,
      0.45073843382704315,
      0.47110904632043266,
      0.4776839229323962,
      0.4182498485688421,
      0.42801780700373937,
      0.42858359105329874,
      0.411265813296329,
      0.4236274479986448,
      0.39524569777667345,
      0.40011751492104874,
      0.4101362671398289,
      0.4162174439319311
    ],
    "train_acc": [
      0.48235624912132713,
      0.5288907633909743,
      0.5159566990018276,
      0.49557148882328134,
      0.5446365809081962,
      0.5475889216926754,
      0.5650217910867426,
      0.5480106846618867,
      0.5599606354562069,
      0.5900463939266133,
      0.558132995922958,
      0.580486433291157,
      0.5370448474623928,
      0.5686770701532405,
      0.5567271193589203,
      0.5809081962603684,
      0.5567271193589203,
      0.5418248277801209,
      0.5737382257837762,
      0.5913116828342472,
      0.6055110361310277,
      0.5987628286236468,
      0.5733164628145648
    ],
    "val_loss": [
      0.371537678728544,
      0.30002076513151416,
      0.2641933224503956,
      0.3069606978139836,
      0.23819765956026823,
      0.18624822638423583,
      0.18945350552792156,
      0.2585708634204851,
      0.1782798031707863,
      0.2289415437077719,
      0.25549396502679217,
      0.16625139693505148,
      0.17503575045309025,
      0.26356344533517073,
      0.14845953466744305,
      0.18100318304044,
      0.19694869360022388,
      0.20811138937483617,
      0.16750902948097404,
      0.20213441484074227,
      0.20374754376569695,
      0.2012705717767988,
      0.2636479419719261
    ],
    "val_acc": [
      0.911976911976912,
      0.9422799422799423,
      0.950937950937951,
      0.9307359307359307,
      0.9466089466089466,
      0.963924963924964,
      0.9725829725829725,
      0.9567099567099567,
      0.9725829725829725,
      0.9668109668109668,
      0.9653679653679653,
      0.9725829725829725,
      0.9682539682539683,
      0.963924963924964,
      0.9682539682539683,
      0.9682539682539683,
      0.976911976911977,
      0.9725829725829725,
      0.974025974025974,
      0.9696969696969697,
      0.9754689754689755,
      0.9696969696969697,
      0.9725829725829725
    ]
  }
}