{
  "temperature": 0.8,
  "ece_before": 0.03320965656014376,
  "ece_after": 0.014715975569200146
}